--
-- PostgreSQL database dump
--

-- Dumped from database version 14.5 (Ubuntu 14.5-2.pgdg20.04+2)
-- Dumped by pg_dump version 14.4

-- Started on 2022-11-27 14:33:25 MST

SET statement_timeout = 0;
SET lock_timeout = 0;
SET idle_in_transaction_session_timeout = 0;
SET client_encoding = 'UTF8';
SET standard_conforming_strings = on;
SELECT pg_catalog.set_config('search_path', '', false);
SET check_function_bodies = false;
SET xmloption = content;
SET client_min_messages = warning;
SET row_security = off;

--
-- TOC entry 5 (class 2615 OID 12947888)
-- Name: public; Type: SCHEMA; Schema: -; Owner: pfkqyajeshitdz
--

CREATE SCHEMA public;


ALTER SCHEMA public OWNER TO pfkqyajeshitdz;

SET default_tablespace = '';

SET default_table_access_method = heap;

--
-- TOC entry 213 (class 1259 OID 12947916)
-- Name: apptrackr_applications; Type: TABLE; Schema: public; Owner: pfkqyajeshitdz
--

CREATE TABLE public.apptrackr_applications (
    id integer NOT NULL,
    job_name text NOT NULL,
    company_name text NOT NULL,
    website_url text,
    date_applied text,
    contact_name text,
    contact_email text,
    contact_phone text,
    interview_date text,
    status text NOT NULL,
    notes text,
    user_id integer NOT NULL
);


ALTER TABLE public.apptrackr_applications OWNER TO pfkqyajeshitdz;

--
-- TOC entry 214 (class 1259 OID 12947921)
-- Name: apptrackr_applications_id_seq; Type: SEQUENCE; Schema: public; Owner: pfkqyajeshitdz
--

ALTER TABLE public.apptrackr_applications ALTER COLUMN id ADD GENERATED BY DEFAULT AS IDENTITY (
    SEQUENCE NAME public.apptrackr_applications_id_seq
    START WITH 1
    INCREMENT BY 1
    NO MINVALUE
    NO MAXVALUE
    CACHE 1
);


--
-- TOC entry 215 (class 1259 OID 12947922)
-- Name: apptrackr_resources; Type: TABLE; Schema: public; Owner: pfkqyajeshitdz
--

CREATE TABLE public.apptrackr_resources (
    id integer NOT NULL,
    resource_name text NOT NULL,
    resource_url text NOT NULL,
    type text NOT NULL,
    notes text,
    user_id integer NOT NULL
);


ALTER TABLE public.apptrackr_resources OWNER TO pfkqyajeshitdz;

--
-- TOC entry 216 (class 1259 OID 12947927)
-- Name: apptrackr_resources_id_seq; Type: SEQUENCE; Schema: public; Owner: pfkqyajeshitdz
--

ALTER TABLE public.apptrackr_resources ALTER COLUMN id ADD GENERATED BY DEFAULT AS IDENTITY (
    SEQUENCE NAME public.apptrackr_resources_id_seq
    START WITH 1
    INCREMENT BY 1
    NO MINVALUE
    NO MAXVALUE
    CACHE 1
);


--
-- TOC entry 217 (class 1259 OID 12947928)
-- Name: apptrackr_users; Type: TABLE; Schema: public; Owner: pfkqyajeshitdz
--

CREATE TABLE public.apptrackr_users (
    id integer NOT NULL,
    full_name text NOT NULL,
    user_name text NOT NULL,
    password text NOT NULL,
    date_created timestamp with time zone DEFAULT now() NOT NULL
);


ALTER TABLE public.apptrackr_users OWNER TO pfkqyajeshitdz;

--
-- TOC entry 218 (class 1259 OID 12947934)
-- Name: apptrackr_users_id_seq; Type: SEQUENCE; Schema: public; Owner: pfkqyajeshitdz
--

ALTER TABLE public.apptrackr_users ALTER COLUMN id ADD GENERATED BY DEFAULT AS IDENTITY (
    SEQUENCE NAME public.apptrackr_users_id_seq
    START WITH 1
    INCREMENT BY 1
    NO MINVALUE
    NO MAXVALUE
    CACHE 1
);


--
-- TOC entry 219 (class 1259 OID 12947935)
-- Name: schemaversion; Type: TABLE; Schema: public; Owner: pfkqyajeshitdz
--

CREATE TABLE public.schemaversion (
    version bigint NOT NULL,
    name text,
    md5 text,
    run_at timestamp with time zone
);


ALTER TABLE public.schemaversion OWNER TO pfkqyajeshitdz;

--
-- TOC entry 4330 (class 0 OID 12947916)
-- Dependencies: 213
-- Data for Name: apptrackr_applications; Type: TABLE DATA; Schema: public; Owner: pfkqyajeshitdz
--

INSERT INTO public.apptrackr_applications VALUES (52, 'Software Developer for Mobile and Web Apps', 'Twin Sun, LLC', '', '2022-03-19T06:00:00.000Z', '', '', '', '', 'Closed', 'Rejection email 3/22/22

https://www.linkedin.com/jobs/view/2948956129/?refId=c78bd0d5-8d56-406f-a58e-a52b0635057c', 1);
INSERT INTO public.apptrackr_applications VALUES (54, 'Software Engineer - Full Stack', 'Starbust', '', '2022-03-20T06:00:00.000Z', '', '', '', '', 'Closed', 'Rejection email 3/23/22

https://docs.google.com/document/d/1twyY3teTq4Sr5IWQ4QshFQQxUP74Vrup2RPXNeLoekk/edit', 1);
INSERT INTO public.apptrackr_applications VALUES (56, 'Software Engineer (Front-End Focused)', 'Scribd', '', '2022-03-22T06:00:00.000Z', '', '', '', '', 'Closed', 'Closed - no longer accepting applications

https://www.linkedin.com/jobs/view/2961613822/?refId=e643205b-3073-425c-a275-43be9f274f91', 1);
INSERT INTO public.apptrackr_applications VALUES (55, 'Full Stack Engineer', 'Stitch Fix', '', '2022-03-20T06:00:00.000Z', '', '', '', '', 'Closed', 'position is no longer posted - has been filled

https://docs.google.com/document/d/1g3obYPdA2J9-iEBwBCb1BQPwhjcXexQWM3bvznyOsVE/edit', 1);
INSERT INTO public.apptrackr_applications VALUES (53, 'Full Stack Developer', 'Force 5 Inc', '', '2022-03-19T06:00:00.000Z', '', '', '', '', 'Closed', '4/29/22 Never heard back

https://www.linkedin.com/jobs/view/2939726306/?refId=24b2520d-7815-4c00-b737-98241841e5ca', 1);
INSERT INTO public.apptrackr_applications VALUES (6, 'Full Stack Software Engineer', 'Olive', 'https://oliveai.com/?utm_campaign=CPC_Jan21_PP&utm_source=google&utm_medium=cpc&utm_term=olive&gclid=CjwKCAiAkJKCBhAyEiwAKQBCkuxin84le4MC2JZptB-dRw8g5wDgk70hwijSfn4UblSrBXEa9w9HgxoCFJoQAvD_BwE', '2021-03-07T07:00:00.000Z', '', '', '', '', 'Applied', 'Node.js, Javascript. Open to remote.
', 2);
INSERT INTO public.apptrackr_applications VALUES (10, 'Software Engineer (Internship)', 'Bongo', 'https://www.bongolearn.com/', '', '', '', '', '', 'Interested', 'Location: Loveland, CO
', 2);
INSERT INTO public.apptrackr_applications VALUES (7, 'Web Developer', 'Toddy LLC', 'https://toddycafe.com/', '2021-02-07T07:00:00.000Z', 'Todd', '', '(970)342-4837', '2021-02-14T07:00:00.000Z', 'Closed', 'Really cool company but not the right fit.', 2);
INSERT INTO public.apptrackr_applications VALUES (58, 'React Front-End Engineer', 'Boulder Heavy Industries ', '', '2022-04-01T06:00:00.000Z', '', '', '', '', 'Closed', 'Rejection email 4/4/22

Job Description: 
https://www.linkedin.com/jobs/view/2995889843/?refId=567e9921-c830-4010-a231-b7359053b54e', 1);
INSERT INTO public.apptrackr_applications VALUES (57, 'Front End Develop', 'Groove', '', '2022-04-01T20:45:03.970Z', '', '', '', '', 'Closed', 'No longer listed 4/5/22

Job Descriptions:
https://jobs.lever.co/grooveapp/aa2e8702-8e19-4a53-bbad-ecc32f998007?lever-source=LinkedInJobs

https://www.linkedin.com/jobs/view/2997375840/?refId=1a8c5b5c-05e3-4d7a-b20c-11bbb7b529d0', 1);
INSERT INTO public.apptrackr_applications VALUES (68, 'Full Stack Developer', 'Green Street', '', '2022-04-25T06:00:00.000Z', '', '', '', '', 'Closed', 'Job Description: https://www.linkedin.com/jobs/view/2994887069/?refId=%2FNonshgSRCfJDWZysA213Q%3D%3D&trackingId=vewspiHBysP%2Bif%2Fg6dFH5Q%3D%3D', 1);
INSERT INTO public.apptrackr_applications VALUES (72, 'Front End Engineer', 'QRails', '', '2022-04-28T06:00:00.000Z', 'Chris Jones', '', '9139153900', '', 'Closed', 'Chris sent my info to them ($75-85K w/o PTO adjustment)

Spoke with the Recruiter (Chris) on 4/27/22

Job Description: https://qrails.com/job-post-front-end-engineer/', 1);
INSERT INTO public.apptrackr_applications VALUES (61, 'Software Engineer - Early Career', 'Figma', '', '2022-04-09T06:00:00.000Z', '', '', '', '', 'Closed', 'Job Description: https://boards.greenhouse.io/figma/jobs/4214996004

Nope Email 4/14/22', 1);
INSERT INTO public.apptrackr_applications VALUES (62, 'Associate Software Engineer I', 'PowerSchool', '', '2022-04-09T19:08:47.492Z', '', '', '', '', 'Closed', 'Job Description: https://careers-powerschool.icims.com/jobs/4708/assoc-software-engineer/job?mode=submit_apply

No Go Email: 4/16/22
', 1);
INSERT INTO public.apptrackr_applications VALUES (63, 'Full Stack Developer', 'Synergex International Corporation', '', '2022-04-18T06:00:00.000Z', 'Megan Matthews', '', '', '2022-05-04T06:00:00.000Z', 'Closed', 'Hired Here!

Will hear back in a couple of weeks.

Never mind! Initial Interview with Megan on 4/27/22

No Go Email 4/25/22

Completed PI 4/20/22

Job Description: https://www.linkedin.com/jobs/view/3012944041/?refId=e014c573-00d1-406e-87a7-e5709d77e172', 1);
INSERT INTO public.apptrackr_applications VALUES (71, 'Software Engineer, Entry Level (USA)', 'Coursera', '', '2022-04-26T06:00:00.000Z', '', '', '', '', 'Closed', 'Job Description: https://www.linkedin.com/in/samantha-sheets-dev', 1);
INSERT INTO public.apptrackr_applications VALUES (76, 'JavaScript Engineer: Prospect Solutions (remote)', 'Constructor', '', '2022-04-27T06:00:00.000Z', '', '', '', '', 'Closed', 'Job Description: https://www.linkedin.com/jobs/view/3044574133/?refId=476e3bea-4536-4fdf-832a-706a399491dc', 1);
INSERT INTO public.apptrackr_applications VALUES (59, 'Frontend Engineer', 'Caroo', '', '2022-04-05T06:00:00.000Z', '', '', '', '', 'Closed', '4/29/22 Never heard back

Job Posting: https://www.linkedin.com/jobs/view/3004896770/?refId=c5b56800-9718-4563-9b2a-f0440818962c', 1);
INSERT INTO public.apptrackr_applications VALUES (64, 'Software Engineer', 'Zoom', '', '2022-04-18T06:00:00.000Z', '', '', '', '', 'Closed', 'No go email 4/21/22

Job Description: https://www.linkedin.com/jobs/view/3019730383/?refId=8fabf06b-4a9f-45f1-939a-468222e4409c', 1);
INSERT INTO public.apptrackr_applications VALUES (65, 'Software Engineer', 'RxDefine', '', '2022-04-18T06:00:00.000Z', '', '', '', '', 'Closed', 'No no email 4/21/22

Job description: https://www.linkedin.com/jobs/view/3020936265/?refId=fd902d27-5dee-441e-98a9-c8d460d0334e', 1);
INSERT INTO public.apptrackr_applications VALUES (67, 'Junior Software Engineer', 'IHS Markit', '', '2022-04-19T06:00:00.000Z', '', '', '', '', 'Closed', 'No longer posted 4/21/22

Job Description: https://www.linkedin.com/jobs/view/3026870245/?refId=8ba1904f-151c-4d59-95b1-4d740a77bbc5', 1);
INSERT INTO public.apptrackr_applications VALUES (60, 'Remote FullStack Engineer', 'not sure yet...', '', '2022-04-09T06:00:00.000Z', 'Wendy Alvarado', '', '', '', 'Closed', 'Seems sketchy ... not gonna follow up 4/21/22

Emailed resume to Wendy on 4/9/22

Job description: https://www.cybercoders.com/remote-fullstack-engineer-job-639775?posId=WA1-1682191&ad=CS2Wendy%20Alvarado&utm_source=candidate&utm_medium=email&utm_campaign=new-jobs1-nlCS', 1);
INSERT INTO public.apptrackr_applications VALUES (70, 'Full Stack JavaScript Engineeer', 'Jobot', '', '2022-04-26T06:00:00.000Z', '', '', '', '', 'Closed', 'Job Description: https://www.linkedin.com/jobs/view/3038534349/?refId=3d45028b-edbf-49fe-a9ee-fbeec92052a0', 1);
INSERT INTO public.apptrackr_applications VALUES (66, 'Junior Software Engineer', 'Brooksource', '', '2022-04-19T06:00:00.000Z', '', '', '', '', 'Closed', '4/29/22 Followed up with job poster (Scarlet Harrod) 

Job Description: https://www.linkedin.com/jobs/view/3036156576/?refId=46f35615-1217-4b69-9be4-792cd6fce92b', 1);
INSERT INTO public.apptrackr_applications VALUES (74, 'Software Development Engineer - Frontend', 'OfferUp', '', '2022-04-30T06:00:00.000Z', '', '', '', '', 'Closed', 'Job Description: https://boards.greenhouse.io/offerup/jobs/3859381', 1);
INSERT INTO public.apptrackr_applications VALUES (75, 'Software Engineer', 'Hungryroot', '', '2022-05-01T06:00:00.000Z', '', '', '', '', 'Closed', 'Job Description: https://www.linkedin.com/jobs/view/2940066085/?refId=f9f571df-269b-4755-9094-e7136d1f0c60', 1);
INSERT INTO public.apptrackr_applications VALUES (73, 'Software Engineer - Front End - Remote', 'Custom Link', '', '2022-04-30T06:00:00.000Z', '', '', '', '', 'Closed', 'Job Description: https://customink.wd5.myworkdayjobs.com/CustomInk/job/Virginia---Remote/Software-Engineer--Front-End--REMOTE_REQ5448', 1);


--
-- TOC entry 4332 (class 0 OID 12947922)
-- Dependencies: 215
-- Data for Name: apptrackr_resources; Type: TABLE DATA; Schema: public; Owner: pfkqyajeshitdz
--

INSERT INTO public.apptrackr_resources VALUES (1, 'fiverr', 'https://www.fiverr.com/', 'Job Resource', NULL, 1);
INSERT INTO public.apptrackr_resources VALUES (2, 'Chegg Internships', 'https://www.internships.com/', 'Job Resource', NULL, 1);
INSERT INTO public.apptrackr_resources VALUES (3, 'Resume Optimizer', 'https://skillsyncer.com/', 'Other Resource', NULL, 1);
INSERT INTO public.apptrackr_resources VALUES (27, 'cover-letter-template', 'https://docs.google.com/document/d/1PxgxuAJrS5OtFjU8L37RCh2-2nSQQS7hJ6B1UR8qDtw/edit', 'Other Resource', NULL, 1);
INSERT INTO public.apptrackr_resources VALUES (5, 'Chegg Internships', 'https://www.internships.com/', 'Job Resource', NULL, 2);
INSERT INTO public.apptrackr_resources VALUES (6, 'Resume Optimzer', 'https://skillsyncer.com/', 'Other Resource', NULL, 2);
INSERT INTO public.apptrackr_resources VALUES (7, 'fiverr', 'https://www.fiverr.com/', 'Job Resource', NULL, 2);
INSERT INTO public.apptrackr_resources VALUES (28, 'GitHub', 'https://github.com/7424243', 'Other Resource', NULL, 1);
INSERT INTO public.apptrackr_resources VALUES (29, 'LinkedIn', 'https://www.linkedin.com/in/samantha-sheets-dev/', 'Other Resource', NULL, 1);
INSERT INTO public.apptrackr_resources VALUES (30, 'Portfolio', 'https://7424243.github.io/Portfolio/', 'Other Resource', NULL, 1);
INSERT INTO public.apptrackr_resources VALUES (24, 'Lyft Apprentices', 'https://www.lyft.com/careers/university', 'Job Resource', NULL, 1);
INSERT INTO public.apptrackr_resources VALUES (25, 'thoughtbot', 'https://thoughtbot.com/jobs', 'Job Resource', NULL, 1);


--
-- TOC entry 4334 (class 0 OID 12947928)
-- Dependencies: 217
-- Data for Name: apptrackr_users; Type: TABLE DATA; Schema: public; Owner: pfkqyajeshitdz
--

INSERT INTO public.apptrackr_users VALUES (1, 'Sam Sheets', 'samsheets', '$2a$12$RUMtC8lFChdKUYHzzOIzq.sqKRvCIr7bfiJ88uJehO69ELyF8dYa.', '2021-03-04 22:24:00.118099+00');
INSERT INTO public.apptrackr_users VALUES (2, 'Demo', 'demo', '$2a$12$1rljFgzxOw1UiN6xbeR/6euj0Y/5UBX2aJmIIZB83ZT3u9IcMjEBi', '2021-03-06 23:50:00.828313+00');
INSERT INTO public.apptrackr_users VALUES (5, 'Test Person', 'test', '$2a$12$SMo4apAAsDh8SiMNoxlhgO0OrP2lv2xk17204rGbiOpYV11IH5dRO', '2021-03-11 20:45:36.97581+00');


--
-- TOC entry 4336 (class 0 OID 12947935)
-- Dependencies: 219
-- Data for Name: schemaversion; Type: TABLE DATA; Schema: public; Owner: pfkqyajeshitdz
--

INSERT INTO public.schemaversion VALUES (0, NULL, NULL, NULL);
INSERT INTO public.schemaversion VALUES (1, 'create_apptrackr_users', 'f4f473dbf4fe7645234155ae6c24846a', '2021-03-04 22:15:35.016+00');
INSERT INTO public.schemaversion VALUES (2, 'create_apptrackr_applications', 'b40faa81a20d57beb527f6df9ff43d3f', '2021-03-04 22:15:35.534+00');
INSERT INTO public.schemaversion VALUES (3, 'create_apptrackr_resources', 'db2c1781fd5d14c5a3dd382f9294fe1d', '2021-03-04 22:15:35.771+00');


--
-- TOC entry 4343 (class 0 OID 0)
-- Dependencies: 214
-- Name: apptrackr_applications_id_seq; Type: SEQUENCE SET; Schema: public; Owner: pfkqyajeshitdz
--

SELECT pg_catalog.setval('public.apptrackr_applications_id_seq', 76, true);


--
-- TOC entry 4344 (class 0 OID 0)
-- Dependencies: 216
-- Name: apptrackr_resources_id_seq; Type: SEQUENCE SET; Schema: public; Owner: pfkqyajeshitdz
--

SELECT pg_catalog.setval('public.apptrackr_resources_id_seq', 30, true);


--
-- TOC entry 4345 (class 0 OID 0)
-- Dependencies: 218
-- Name: apptrackr_users_id_seq; Type: SEQUENCE SET; Schema: public; Owner: pfkqyajeshitdz
--

SELECT pg_catalog.setval('public.apptrackr_users_id_seq', 5, true);


--
-- TOC entry 4178 (class 2606 OID 12947943)
-- Name: apptrackr_applications apptrackr_applications_pkey; Type: CONSTRAINT; Schema: public; Owner: pfkqyajeshitdz
--

ALTER TABLE ONLY public.apptrackr_applications
    ADD CONSTRAINT apptrackr_applications_pkey PRIMARY KEY (id);


--
-- TOC entry 4180 (class 2606 OID 12947945)
-- Name: apptrackr_resources apptrackr_resources_pkey; Type: CONSTRAINT; Schema: public; Owner: pfkqyajeshitdz
--

ALTER TABLE ONLY public.apptrackr_resources
    ADD CONSTRAINT apptrackr_resources_pkey PRIMARY KEY (id);


--
-- TOC entry 4182 (class 2606 OID 12947947)
-- Name: apptrackr_users apptrackr_users_pkey; Type: CONSTRAINT; Schema: public; Owner: pfkqyajeshitdz
--

ALTER TABLE ONLY public.apptrackr_users
    ADD CONSTRAINT apptrackr_users_pkey PRIMARY KEY (id);


--
-- TOC entry 4184 (class 2606 OID 12947949)
-- Name: apptrackr_users apptrackr_users_user_name_key; Type: CONSTRAINT; Schema: public; Owner: pfkqyajeshitdz
--

ALTER TABLE ONLY public.apptrackr_users
    ADD CONSTRAINT apptrackr_users_user_name_key UNIQUE (user_name);


--
-- TOC entry 4186 (class 2606 OID 12947951)
-- Name: schemaversion schemaversion_pkey; Type: CONSTRAINT; Schema: public; Owner: pfkqyajeshitdz
--

ALTER TABLE ONLY public.schemaversion
    ADD CONSTRAINT schemaversion_pkey PRIMARY KEY (version);


--
-- TOC entry 4187 (class 2606 OID 12947952)
-- Name: apptrackr_applications apptrackr_applications_user_id_fkey; Type: FK CONSTRAINT; Schema: public; Owner: pfkqyajeshitdz
--

ALTER TABLE ONLY public.apptrackr_applications
    ADD CONSTRAINT apptrackr_applications_user_id_fkey FOREIGN KEY (user_id) REFERENCES public.apptrackr_users(id) ON DELETE CASCADE;


--
-- TOC entry 4188 (class 2606 OID 12947957)
-- Name: apptrackr_resources apptrackr_resources_user_id_fkey; Type: FK CONSTRAINT; Schema: public; Owner: pfkqyajeshitdz
--

ALTER TABLE ONLY public.apptrackr_resources
    ADD CONSTRAINT apptrackr_resources_user_id_fkey FOREIGN KEY (user_id) REFERENCES public.apptrackr_users(id) ON DELETE CASCADE;


--
-- TOC entry 4342 (class 0 OID 0)
-- Dependencies: 851
-- Name: LANGUAGE plpgsql; Type: ACL; Schema: -; Owner: postgres
--

GRANT ALL ON LANGUAGE plpgsql TO pfkqyajeshitdz;


-- Completed on 2022-11-27 14:33:32 MST

--
-- PostgreSQL database dump complete
--

